{"cameraMode":{"drawMode":0,"name":"Shaded","section":"Shading Mode"},"sceneLighting":false,"audioPlay":false,"sceneViewState":{"showFog":true,"showMaterialUpdate":false,"showSkybox":false,"showFlares":true,"showImageEffects":true,"showParticleSystems":true},"in2DMode":false,"pivot":{"x":3.9546446800231935,"y":-1.47894287109375,"z":-1.40380859375},"rotation":{"x":0.00016562308883294463,"y":0.9998340606689453,"z":-0.013808120973408223,"w":0.01198473572731018},"size":13.36093807220459,"orthographic":false}