{"cameraMode":{"drawMode":0,"name":"Shaded","section":"Shading Mode"},"sceneLighting":false,"audioPlay":false,"sceneViewState":{"showFog":true,"showMaterialUpdate":false,"showSkybox":false,"showFlares":true,"showImageEffects":true,"showParticleSystems":true},"in2DMode":false,"pivot":{"x":-1.6109999418258668,"y":1.6086543798446656,"z":5.25},"rotation":{"x":0.41087228059768679,"y":0.5864077806472778,"z":-0.4554113447666168,"w":0.5290764570236206},"size":0.9379938840866089,"orthographic":false}