{"cameraMode":{"drawMode":0,"name":"Shaded","section":"Shading Mode"},"sceneLighting":false,"audioPlay":false,"sceneViewState":{"showFog":true,"showMaterialUpdate":false,"showSkybox":false,"showFlares":true,"showImageEffects":true,"showParticleSystems":true},"in2DMode":false,"pivot":{"x":1.5757917165756226,"y":-0.9606858491897583,"z":0.11010679602622986},"rotation":{"x":-0.1582261174917221,"y":-0.6061215996742249,"z":0.12464165687561035,"w":-0.7694483995437622},"size":5.8499555587768559,"orthographic":false}