{"cameraMode":{"drawMode":0,"name":"Shaded","section":"Shading Mode"},"sceneLighting":false,"audioPlay":false,"sceneViewState":{"showFog":true,"showMaterialUpdate":false,"showSkybox":false,"showFlares":true,"showImageEffects":true,"showParticleSystems":true},"in2DMode":false,"pivot":{"x":-2.4318151473999025,"y":1.668299674987793,"z":-1.379730224609375},"rotation":{"x":-0.02002875693142414,"y":0.9767551422119141,"z":-0.18563024699687959,"w":-0.10536651313304901},"size":13.37967586517334,"orthographic":false}