{"cameraMode":{"drawMode":0,"name":"Shaded","section":"Shading Mode"},"sceneLighting":false,"audioPlay":false,"sceneViewState":{"showFog":true,"showMaterialUpdate":false,"showSkybox":false,"showFlares":true,"showImageEffects":true,"showParticleSystems":true},"in2DMode":false,"pivot":{"x":0.12999999523162843,"y":1.6086543798446656,"z":5.25},"rotation":{"x":0.2528272271156311,"y":0.2619066834449768,"z":-0.0713099017739296,"w":0.9286638498306274},"size":0.9379938840866089,"orthographic":false}