{"cameraMode":{"drawMode":0,"name":"Shaded","section":"Shading Mode"},"sceneLighting":false,"audioPlay":false,"sceneViewState":{"showFog":true,"showMaterialUpdate":false,"showSkybox":false,"showFlares":true,"showImageEffects":true,"showParticleSystems":true},"in2DMode":false,"pivot":{"x":-5.047357082366943,"y":4.019655227661133,"z":-5.842023849487305},"rotation":{"x":0.007852102629840374,"y":0.9910092353820801,"z":-0.11528344452381134,"w":0.06753374636173248},"size":15.238544464111329,"orthographic":false}