{"cameraMode":{"drawMode":0,"name":"Shaded","section":"Shading Mode"},"sceneLighting":false,"audioPlay":false,"sceneViewState":{"showFog":true,"showMaterialUpdate":false,"showSkybox":false,"showFlares":true,"showImageEffects":true,"showParticleSystems":true},"in2DMode":false,"pivot":{"x":-1.6585861444473267,"y":-0.13739585876464845,"z":1.6469366550445557},"rotation":{"x":0.09848561882972717,"y":-0.8592997789382935,"z":0.18073692917823792,"w":0.46823447942733767},"size":3.9657886028289797,"orthographic":false}