{"cameraMode":{"drawMode":0,"name":"Shaded","section":"Shading Mode"},"sceneLighting":false,"audioPlay":false,"sceneViewState":{"showFog":true,"showMaterialUpdate":false,"showSkybox":false,"showFlares":true,"showImageEffects":true,"showParticleSystems":true},"in2DMode":false,"pivot":{"x":3.5594263076782228,"y":0.548497200012207,"z":-1.7380945682525635},"rotation":{"x":0.007852102629840374,"y":0.9910092353820801,"z":-0.11528344452381134,"w":0.06753374636173248},"size":3.998931646347046,"orthographic":false}