{"cameraMode":{"drawMode":0,"name":"Shaded","section":"Shading Mode"},"sceneLighting":false,"audioPlay":false,"sceneViewState":{"showFog":true,"showMaterialUpdate":false,"showSkybox":false,"showFlares":true,"showImageEffects":true,"showParticleSystems":true},"in2DMode":false,"pivot":{"x":10.532405853271485,"y":-0.5279464721679688,"z":0.9962997436523438},"rotation":{"x":0.2220281958580017,"y":0.7700145244598389,"z":-0.35530221462249758,"w":0.4811994731426239},"size":27.958765029907228,"orthographic":false}