{"cameraMode":{"drawMode":0,"name":"Shaded","section":"Shading Mode"},"sceneLighting":false,"audioPlay":false,"sceneViewState":{"showFog":true,"showMaterialUpdate":false,"showSkybox":true,"showFlares":true,"showImageEffects":true,"showParticleSystems":true},"in2DMode":false,"pivot":{"x":-1.6109999418258668,"y":1.6086543798446656,"z":5.25},"rotation":{"x":-0.012061595916748047,"y":-0.9876048564910889,"z":0.12390251457691193,"w":-0.09591823816299439},"size":3.0953798294067385,"orthographic":false}