{"cameraMode":{"drawMode":0,"name":"Shaded","section":"Shading Mode"},"sceneLighting":false,"audioPlay":false,"sceneViewState":{"showFog":true,"showMaterialUpdate":false,"showSkybox":true,"showFlares":true,"showImageEffects":true,"showParticleSystems":true},"in2DMode":false,"pivot":{"x":-0.604119062423706,"y":-0.14212965965270997,"z":-0.17748069763183595},"rotation":{"x":-0.030324673280119897,"y":-0.9696826934814453,"z":0.17375706136226655,"w":-0.16921332478523255},"size":14.017518997192383,"orthographic":false}