{"cameraMode":{"drawMode":0,"name":"Shaded","section":"Shading Mode"},"sceneLighting":false,"audioPlay":false,"sceneViewState":{"showFog":true,"showMaterialUpdate":false,"showSkybox":true,"showFlares":true,"showImageEffects":true,"showParticleSystems":true},"in2DMode":false,"pivot":{"x":4.097362518310547,"y":-1.6811676025390626,"z":-0.9027099609375},"rotation":{"x":0.2713458836078644,"y":0.27142012119293215,"z":-0.08002926409244538,"w":0.9199801683425903},"size":47.29458999633789,"orthographic":false}