{"cameraMode":{"drawMode":0,"name":"Shaded","section":"Shading Mode"},"sceneLighting":false,"audioPlay":false,"sceneViewState":{"showFog":true,"showMaterialUpdate":false,"showSkybox":true,"showFlares":true,"showImageEffects":true,"showParticleSystems":true},"in2DMode":false,"pivot":{"x":1.6130690574645997,"y":0.333158016204834,"z":0.1610269546508789},"rotation":{"x":0.16979481279850007,"y":0.3929746448993683,"z":-0.07404690980911255,"w":0.9007347226142883},"size":15.182170867919922,"orthographic":false}