{"cameraMode":{"drawMode":0,"name":"Shaded","section":"Shading Mode"},"sceneLighting":false,"audioPlay":false,"sceneViewState":{"showFog":true,"showMaterialUpdate":false,"showSkybox":true,"showFlares":true,"showImageEffects":true,"showParticleSystems":true},"in2DMode":false,"pivot":{"x":-6.927001476287842,"y":-4.579148769378662,"z":0.2789907455444336},"rotation":{"x":-0.08118265867233277,"y":-0.030869724228978158,"z":0.002495182678103447,"w":-0.9962487816810608},"size":6.734299182891846,"orthographic":false}