{"cameraMode":{"drawMode":0,"name":"Shaded","section":"Shading Mode"},"sceneLighting":false,"audioPlay":false,"sceneViewState":{"showFog":true,"showMaterialUpdate":false,"showSkybox":true,"showFlares":true,"showImageEffects":true,"showParticleSystems":true},"in2DMode":false,"pivot":{"x":-1.639883041381836,"y":5.030973434448242,"z":-0.5052118301391602},"rotation":{"x":-0.046990714967250827,"y":-0.8725447058677673,"z":0.08560609072446823,"w":-0.47873738408088686},"size":8.30007553100586,"orthographic":false}