{"cameraMode":{"drawMode":0,"name":"Shaded","section":"Shading Mode"},"sceneLighting":false,"audioPlay":false,"sceneViewState":{"showFog":true,"showMaterialUpdate":false,"showSkybox":true,"showFlares":true,"showImageEffects":true,"showParticleSystems":true},"in2DMode":false,"pivot":{"x":6.485873222351074,"y":4.16462516784668,"z":-0.4852108955383301},"rotation":{"x":-0.19055423140525819,"y":-0.6395801901817322,"z":0.16794724762439729,"w":-0.7255902290344238},"size":6.982672691345215,"orthographic":false}