{"cameraMode":{"drawMode":0,"name":"Shaded","section":"Shading Mode"},"sceneLighting":false,"audioPlay":false,"sceneViewState":{"showFog":true,"showMaterialUpdate":false,"showSkybox":true,"showFlares":true,"showImageEffects":true,"showParticleSystems":true},"in2DMode":false,"pivot":{"x":-7.186853408813477,"y":5.410961627960205,"z":1.102616786956787},"rotation":{"x":-0.035477906465530398,"y":-0.21221260726451875,"z":0.00768725061789155,"w":-0.976580023765564},"size":9.332379341125489,"orthographic":false}