{"cameraMode":{"drawMode":0,"name":"Shaded","section":"Shading Mode"},"sceneLighting":false,"audioPlay":false,"sceneViewState":{"showFog":true,"showMaterialUpdate":false,"showSkybox":true,"showFlares":true,"showImageEffects":true,"showParticleSystems":true},"in2DMode":false,"pivot":{"x":2.487882137298584,"y":-4.034451484680176,"z":0.19799575209617616},"rotation":{"x":-0.050192221999168399,"y":-0.703292191028595,"z":0.04986429587006569,"w":-0.7074143290519714},"size":6.450001239776611,"orthographic":false}