{"cameraMode":{"drawMode":0,"name":"Shaded","section":"Shading Mode"},"sceneLighting":false,"audioPlay":false,"sceneViewState":{"showFog":true,"showMaterialUpdate":false,"showSkybox":true,"showFlares":true,"showImageEffects":true,"showParticleSystems":true},"in2DMode":false,"pivot":{"x":-1.6855511665344239,"y":0.5470964908599854,"z":-13.99017333984375},"rotation":{"x":0.06494271010160446,"y":-0.649920642375946,"z":0.05592760071158409,"w":0.755194902420044},"size":8.319385528564454,"orthographic":false}