{"cameraMode":{"drawMode":0,"name":"Shaded","section":"Shading Mode"},"sceneLighting":false,"audioPlay":false,"sceneViewState":{"showFog":true,"showMaterialUpdate":false,"showSkybox":true,"showFlares":true,"showImageEffects":true,"showParticleSystems":true},"in2DMode":false,"pivot":{"x":-5.420000076293945,"y":0.6778411865234375,"z":-0.027881011366844178},"rotation":{"x":-0.201410710811615,"y":0.01226485799998045,"z":-0.0025427869986742737,"w":-0.9794577360153198},"size":5.396092414855957,"orthographic":false}