{"cameraMode":{"drawMode":0,"name":"Shaded","section":"Shading Mode"},"sceneLighting":false,"audioPlay":false,"sceneViewState":{"showFog":true,"showMaterialUpdate":false,"showSkybox":true,"showFlares":true,"showImageEffects":true,"showParticleSystems":true},"in2DMode":false,"pivot":{"x":3.3776729106903078,"y":-6.522085666656494,"z":-18.20047950744629},"rotation":{"x":-0.005637980066239834,"y":-0.9907159209251404,"z":0.128827303647995,"w":-0.043386928737163547},"size":36.28145980834961,"orthographic":false}