{"cameraMode":{"drawMode":0,"name":"Shaded","section":"Shading Mode"},"sceneLighting":false,"audioPlay":false,"sceneViewState":{"showFog":true,"showMaterialUpdate":false,"showSkybox":true,"showFlares":true,"showImageEffects":true,"showParticleSystems":true},"in2DMode":false,"pivot":{"x":6.162741184234619,"y":1.2217321395874024,"z":-7.117729187011719},"rotation":{"x":0.1836099475622177,"y":0.5401636362075806,"z":-0.12207695841789246,"w":0.8122031688690186},"size":13.790315628051758,"orthographic":false}