{"cameraMode":{"drawMode":0,"name":"Shaded","section":"Shading Mode"},"sceneLighting":false,"audioPlay":false,"sceneViewState":{"showFog":true,"showMaterialUpdate":false,"showSkybox":true,"showFlares":true,"showImageEffects":true,"showParticleSystems":true},"in2DMode":false,"pivot":{"x":-1.862645149230957e-9,"y":0.011538758873939515,"z":0.0016601779498159886},"rotation":{"x":-0.051162391901016238,"y":-0.9487411379814148,"z":0.2279617041349411,"w":-0.21291832625865937},"size":0.08811851590871811,"orthographic":false}