{"cameraMode":{"drawMode":0,"name":"Shaded","section":"Shading Mode"},"sceneLighting":false,"audioPlay":false,"sceneViewState":{"showFog":true,"showMaterialUpdate":false,"showSkybox":true,"showFlares":true,"showImageEffects":true,"showParticleSystems":true},"in2DMode":false,"pivot":{"x":-0.39772021770477297,"y":-1.717391014099121,"z":0.5105373859405518},"rotation":{"x":-0.34698736667633059,"y":0.117702417075634,"z":-0.04394286498427391,"w":-0.9294301867485046},"size":7.752748489379883,"orthographic":false}