{"cameraMode":{"drawMode":0,"name":"Shaded","section":"Shading Mode"},"sceneLighting":false,"audioPlay":false,"sceneViewState":{"showFog":true,"showMaterialUpdate":false,"showSkybox":true,"showFlares":true,"showImageEffects":true,"showParticleSystems":true},"in2DMode":false,"pivot":{"x":-1.8718690872192383,"y":-1.1197800636291505,"z":-0.9520561695098877},"rotation":{"x":0.35658302903175356,"y":0.3461574912071228,"z":-0.14422014355659486,"w":0.8557393550872803},"size":15.855499267578125,"orthographic":false}