{"cameraMode":{"drawMode":0,"name":"Shaded","section":"Shading Mode"},"sceneLighting":false,"audioPlay":false,"sceneViewState":{"showFog":true,"showMaterialUpdate":false,"showSkybox":true,"showFlares":true,"showImageEffects":true,"showParticleSystems":true},"in2DMode":false,"pivot":{"x":5.152823448181152,"y":1.072228193283081,"z":-0.3862426280975342},"rotation":{"x":-0.04694360867142677,"y":-0.5396280288696289,"z":0.030129607766866685,"w":-0.8400899171829224},"size":6.4644389152526859,"orthographic":false}