{"cameraMode":{"drawMode":0,"name":"Shaded","section":"Shading Mode"},"sceneLighting":false,"audioPlay":false,"sceneViewState":{"showFog":true,"showMaterialUpdate":false,"showSkybox":true,"showFlares":true,"showImageEffects":true,"showParticleSystems":true},"in2DMode":false,"pivot":{"x":-9.15188980102539,"y":-17.39305877685547,"z":-5.598346710205078},"rotation":{"x":0.23924796283245088,"y":0.4624287784099579,"z":-0.1311042457818985,"w":0.8436808586120606},"size":55.32677459716797,"orthographic":false}