{"cameraMode":{"drawMode":0,"name":"Shaded","section":"Shading Mode"},"sceneLighting":false,"audioPlay":false,"sceneViewState":{"showFog":true,"showMaterialUpdate":false,"showSkybox":true,"showFlares":true,"showImageEffects":true,"showParticleSystems":true},"in2DMode":false,"pivot":{"x":8.94792652130127,"y":0.9440411329269409,"z":-2.2610998153686525},"rotation":{"x":-0.12275805324316025,"y":-0.6167481541633606,"z":0.09812908619642258,"w":-0.7713517546653748},"size":5.918038368225098,"orthographic":false}