{"cameraMode":{"drawMode":0,"name":"Shaded","section":"Shading Mode"},"sceneLighting":false,"audioPlay":false,"sceneViewState":{"showFog":true,"showMaterialUpdate":false,"showSkybox":true,"showFlares":true,"showImageEffects":true,"showParticleSystems":true},"in2DMode":false,"pivot":{"x":1.404581069946289,"y":-0.7942581176757813,"z":-3.383035182952881},"rotation":{"x":0.116329625248909,"y":0.6227901577949524,"z":-0.09429648518562317,"w":0.767967164516449},"size":35.282012939453128,"orthographic":false}