{"cameraMode":{"drawMode":0,"name":"Shaded","section":"Shading Mode"},"sceneLighting":false,"audioPlay":false,"sceneViewState":{"showFog":true,"showMaterialUpdate":false,"showSkybox":true,"showFlares":true,"showImageEffects":true,"showParticleSystems":true},"in2DMode":false,"pivot":{"x":-0.026451274752616884,"y":0.030266262590885164,"z":-0.04001966118812561},"rotation":{"x":-0.023469621315598489,"y":0.41579997539520266,"z":-0.010731235146522522,"w":-0.90910404920578},"size":0.8573653101921082,"orthographic":false}