{"cameraMode":{"drawMode":0,"name":"Shaded","section":"Shading Mode"},"sceneLighting":false,"audioPlay":false,"sceneViewState":{"showFog":true,"showMaterialUpdate":false,"showSkybox":true,"showFlares":true,"showImageEffects":true,"showParticleSystems":true},"in2DMode":false,"pivot":{"x":5.424488067626953,"y":-1.253997802734375,"z":-4.058826446533203},"rotation":{"x":0.23924796283245088,"y":0.4624287784099579,"z":-0.1311042457818985,"w":0.8436808586120606},"size":92.26393127441406,"orthographic":false}