{"cameraMode":{"drawMode":0,"name":"Shaded","section":"Shading Mode"},"sceneLighting":false,"audioPlay":false,"sceneViewState":{"showFog":true,"showMaterialUpdate":false,"showSkybox":true,"showFlares":true,"showImageEffects":true,"showParticleSystems":true},"in2DMode":false,"pivot":{"x":2.767435073852539,"y":-0.1371307373046875,"z":-5.140434265136719},"rotation":{"x":0.24477452039718629,"y":0.4738001227378845,"z":-0.1389482021331787,"w":0.8344808220863342},"size":39.41021728515625,"orthographic":false}