{"cameraMode":{"drawMode":0,"name":"Shaded","section":"Shading Mode"},"sceneLighting":false,"audioPlay":false,"sceneViewState":{"showFog":true,"showMaterialUpdate":false,"showSkybox":true,"showFlares":true,"showImageEffects":true,"showParticleSystems":true},"in2DMode":false,"pivot":{"x":5.39066219329834,"y":6.154904365539551,"z":-1.639294147491455},"rotation":{"x":0.02664434164762497,"y":-0.9461894035339356,"z":-0.08081240952014923,"w":-0.31232282519340517},"size":6.442313194274902,"orthographic":false}