{"cameraMode":{"drawMode":0,"name":"Shaded","section":"Shading Mode"},"sceneLighting":false,"audioPlay":false,"sceneViewState":{"showFog":true,"showMaterialUpdate":false,"showSkybox":true,"showFlares":true,"showImageEffects":true,"showParticleSystems":true},"in2DMode":false,"pivot":{"x":-0.11400759220123291,"y":-0.1421946883201599,"z":0.18129783868789674},"rotation":{"x":0.1836099475622177,"y":0.5401636362075806,"z":-0.12207695841789246,"w":0.8122031688690186},"size":1.733452320098877,"orthographic":false}