{"cameraMode":{"drawMode":0,"name":"Shaded","section":"Shading Mode"},"sceneLighting":false,"audioPlay":false,"sceneViewState":{"showFog":true,"showMaterialUpdate":false,"showSkybox":true,"showFlares":true,"showImageEffects":true,"showParticleSystems":true},"in2DMode":false,"pivot":{"x":1.7599999904632569,"y":1.6086543798446656,"z":5.25},"rotation":{"x":0.34691089391708376,"y":-0.014803076162934304,"z":0.005532566457986832,"w":0.9378045797348023},"size":3.0953798294067385,"orthographic":false}