{"cameraMode":{"drawMode":0,"name":"Shaded","section":"Shading Mode"},"sceneLighting":false,"audioPlay":false,"sceneViewState":{"showFog":true,"showMaterialUpdate":false,"showSkybox":true,"showFlares":true,"showImageEffects":true,"showParticleSystems":true},"in2DMode":false,"pivot":{"x":4.257323265075684,"y":-3.5930521488189699,"z":0.9024370908737183},"rotation":{"x":-0.046988751739263538,"y":-0.5383672714233398,"z":0.03005915880203247,"w":-0.8408983945846558},"size":5.435766220092773,"orthographic":false}