{"cameraMode":{"drawMode":0,"name":"Shaded","section":"Shading Mode"},"sceneLighting":false,"audioPlay":false,"sceneViewState":{"showFog":true,"showMaterialUpdate":false,"showSkybox":true,"showFlares":true,"showImageEffects":true,"showParticleSystems":true},"in2DMode":false,"pivot":{"x":0.12999999523162843,"y":1.6086543798446656,"z":5.25},"rotation":{"x":0.22157548367977143,"y":0.35475340485572817,"z":-0.08690696954727173,"w":0.9041930437088013},"size":6.561028480529785,"orthographic":false}