{"cameraMode":{"drawMode":0,"name":"Shaded","section":"Shading Mode"},"sceneLighting":false,"audioPlay":false,"sceneViewState":{"showFog":true,"showMaterialUpdate":false,"showSkybox":true,"showFlares":true,"showImageEffects":true,"showParticleSystems":true},"in2DMode":false,"pivot":{"x":0.9850397109985352,"y":0.03136157989501953,"z":-0.5579843521118164},"rotation":{"x":0.12934772670269013,"y":0.3143504559993744,"z":-0.04324818775057793,"w":0.9394935369491577},"size":10.07675838470459,"orthographic":false}