{"cameraMode":{"drawMode":0,"name":"Shaded","section":"Shading Mode"},"sceneLighting":false,"audioPlay":false,"sceneViewState":{"showFog":true,"showMaterialUpdate":false,"showSkybox":true,"showFlares":true,"showImageEffects":true,"showParticleSystems":true},"in2DMode":false,"pivot":{"x":3.914834976196289,"y":-6.836864471435547,"z":8.134315490722657},"rotation":{"x":0.4178296625614166,"y":0.261050820350647,"z":-0.12666617333889008,"w":0.8609828352928162},"size":41.60893249511719,"orthographic":false}